{
    "entity": "event",
    "account_id": "acc_DU0iMwsg76Yo7a",
    "event": "payment.authorized",
    "contains": ["payment"],
    "payload": {
      "payment": {
        "entity": {
          "id": "pay_N3AtP0vfpV5moZ",
          "entity": "payment",
          "amount": 5000,
          "currency": "INR",
          "status": "authorized",
          "order_id": "order_N3At2eK0GlwRFn",
          "invoice_id": null,
          "international": false,
          "method": "upi",
          "amount_refunded": 0,
          "refund_status": null,
          "captured": false,
          "description": "React course",
          "card_id": null,
          "bank": null,
          "wallet": null,
          "vpa": "success@razorpay",
          "email": "youremail@example.com",
          "contact": "+919999999999",
          "notes": [],
          "fee": null,
          "tax": null,
          "error_code": null,
          "error_description": null,
          "error_source": null,
          "error_step": null,
          "error_reason": null,
          "acquirer_data": {
            "rrn": "439400190063",
            "upi_transaction_id": "0FAB6B2E67384AAF603B287F229937E4"
          },
          "created_at": 1700580774,
          "upi": {
            "vpa": "success@razorpay"
          }
        }
      }
    },
    "created_at": 1700580774
  }
  